nome;citta;paese;anno;superficie_mq;tipologia;problema;interventi;costo_milioni;finanziamento;benefici_sociali;benefici_economici;sostenibilita;coordinate
High Line Park;New York;USA;2009;21000;parco lineare;Ferrovia abbandonata;spazi verdi, percorsi pedonali, arte pubblica;153;fondi pubblici + donazioni;incremento turismo, migliore qualit√† della vita;+30% valore immobili, +5M visitatori/anno;materiali riciclati, irrigazione a basso consumo;40.7128,-74.0060
Parco della Rinascita;Milano;Italia;2023;25000;parco urbano;Area dismessa inutilizzata;spazi verdi, percorsi pedonali, aree gioco;50;Fondi PNRR + privati;aumento verde pubblico, maggior sicurezza;+15% valore immobiliare, +10% attivit√† locali;materiali riciclati, illuminazione LED;45.4642,9.1900
Riqualificazione Lungomare;Napoli;Italia;2022;30000;riqualificazione costiera;Deterioramento infrastrutturale;nuova pavimentazione, aree verdi, spazi eventi;80;Fondi PNRR + regionali;miglioramento qualit√† urbana, nuovi spazi ricreativi;+20% flusso turistico, +25% crescita economica;riduzione consumo energetico, uso materiali sostenibili;40.8518,14.2681
Plaza Digital;Madrid;Spagna;2021;8000;piazza smart;Spazio urbano sottoutilizzato;Wi-Fi pubblico, arredo interattivo, spazi eventi;15;fondi nazionali + tech companies;inclusione digitale, aggregazione sociale;+22% attivit√† commerciali, +18% visitatori;energia solare, materiali riciclati;40.4168,-3.7038
Eco-Quartier;Parigi;Francia;2018;35000;quartiere sostenibile;Area industriale dismessa;edifici passivi, orti urbani, mobilit√† dolce;120;fondi statali + privati;comunit√† sostenibile, qualit√† abitativa;-30% consumi energetici, +20% valore immobiliare;edifici a energia quasi zero, gestione acque piovane;48.8566,2.3522
La Friche Belle de Mai;Marsiglia;Francia;2013;45000;hub culturale;Ex fabbrica tabacchi;spazi artistici, coworking, giardini comunitari;75;fondi regionali + europei;integrazione sociale, sviluppo culturale;+300 posti lavoro, +100K visitatori/anno;recupero edifici esistenti, materiali locali;43.2965,5.3698
Tempelhof Park;Berlino;Germania;2010;355000;parco urbano;Aeroporto dismesso;spazi verdi, aree sport, orti urbani;125;fondi federali + comunali;spazio ricreativo, integrazione sociale;+2M visitatori/anno, risparmio sanitario;conservazione biodiversit√†, mobilit√† sostenibile;52.5200,13.4050
HafenCity;Amburgo;Germania;2017;157000;waterfront urbano;Porto industriale obsoleto;mix residenziale-commerciale, spazi pubblici;3200;pubblico-privato;nuovi alloggi, spazi culturali;+40K posti lavoro, +15% turismo;edifici certificati sostenibili, protezione inondazioni;53.5488,9.9872
Spikeri Quarter;Riga;Lettonia;2019;18000;rigenerazione urbana;Magazzini portuali abbandonati;spazi creativi, mercati, aree eventi;40;fondi UE + privati;rivitalizzazione culturale, inclusione sociale;+25% turismo, +15% nuove imprese;recupero edifici storici, illuminazione LED;56.9496,24.1052
Baltic Tech Hub;Liepaja;Lettonia;2022;12000;centro innovazione;Caserma militare abbandonata;spazi formazione tech, incubatore startup, laboratori;25;fondi europei + universit√†;formazione professionale, innovazione;+150 nuovi posti lavoro, +10% PIL locale;riscaldamento geotermico, materiali riciclati;56.5047,21.0108
EcoCity;Kiev;Ucraina;2020;42000;quartiere resiliente;Area post-industriale;edifici autosufficienti, spazi verdi, hub energia;110;fondi internazionali + privati;resilienza climatica, qualit√† abitativa;-40% costi energetici, +30% valore immobiliare;edifici passivi, sistema energetico distribuito;50.4501,30.5234
Freedom Square;Kharkiv;Ucraina;2023;25000;piazza pubblica;Spazio urbano degradato;spazi eventi, memorialistica, aree verde;65;donazioni internazionali + fondi ricostruzione;coesione sociale, memoria collettiva;+30% turismo, +20% commercio locale;illuminazione solare, materiali locali;49.9935,36.2304
Eco-District;Lviv;Ucraina;2024;30000;quartiere ecologico;Ex area militare;housing sociale, spazi comunitari, aree verdi;85;fondi ricostruzione UE + privati;alloggi sostenibili, comunit√† resiliente;-35% consumi energetici, +200 posti lavoro;tecnologie passive, orti urbani comunitari;49.8397,24.0297
Zhongshan Shipyard Park;Guangzhou;Cina;2016;110000;parco industriale;Cantiere navale abbandonato;percorsi storici, spazi d'acqua, aree culturali;180;fondi governativi;memoria industriale, qualit√† della vita;+3M visitatori/anno, +25% valore immobiliare;conservazione edifici storici, fitodepurazione;23.1291,113.2644
Smart Block;Shanghai;Cina;2022;20000;isolato intelligente;Quartiere obsoleto ad alta densit√†;tecnologie smart building, spazi condivisi;150;fondi statali + tech companies;efficienza abitativa, connettivit√† sociale;-25% consumi, +15% produttivit√† lavorativa;reti smart grid, materiali sostenibili;31.2304,121.4737
The Bentway;Toronto;Canada;2018;10000;spazio pubblico;Aree sotto-cavalcavia inutilizzate;spazi eventi, pista ghiaccio, arte pubblica;25;fondi comunali + donazioni;inclusione sociale, attivit√† ricreative;+250K visitatori/anno, +15% attivit√† commerciali;raccolta acqua piovana, materiali riciclati;43.6532,-79.3832
False Creek;Vancouver;Canada;2020;47000;riqualificazione portuale;Zona industriale dismessa;mix residenziale-servizi, waterfront pubblico;320;pubblico-privato;alloggi sostenibili, spazi inclusivi;+2500 nuovi residenti, +30% turismo;edifici passivi, mobilit√† sostenibile;49.2827,-123.1207
Lima Art District;Lima;Per√π;2019;25000;quartiere artistico;Zone degradate centrali;murales, gallerie, spazi performativi;30;fondi municipali + culturali;rigenerazione sociale, offerta culturale;+40% turismo, +150 nuovi impieghi;riuso adattivo edifici, materiali locali;-12.0464,-77.0428
Lisbon Waterfront;Lisbona;Portogallo;2017;45000;fronte fiume;Aree portuali dismesse;passeggiata, spazi culturali, hub gastronomici;120;fondi UE + comunali;accessibilit√† waterfront, spazi inclusivi;+40% turismo, +25% attivit√† commerciali;materiali sostenibili, recupero edifici storici;38.7223,-9.1393
Azulejos District;Porto;Portogallo;2021;15000;quartiere creativo;Edifici storici abbandonati;recupero facciate azulejos, spazi creativi, residenze artisti;35;fondi cultura + privati;preservazione patrimonio, creativit√† urbana;+30% visitatori, +15% residenti giovani;restauro conservativo, efficienza energetica;41.1579,-8.6291
Green City;Lagos;Nigeria;2023;65000;quartiere sostenibile;Urbanizzazione informale e inondazioni;housing sostenibile, gestione acque, spazi pubblici;110;fondi africani sviluppo + privati;alloggi sicuri, resilienza climatica;-40% danni climatici, +25% valore immobiliare;materiali locali, sistemi passivi;6.5244,3.3792
Medina Revival;Marrakech;Marocco;2019;25000;recupero centro storico;Degrado edifici storici;restauro monumenti, spazi pubblici, artigianato locale;70;fondi UNESCO + turismo;conservazione patrimonio, vivibilit√†;+35% turismo culturale, +200 artigiani attivi;tecniche tradizionali, materiali locali;31.6295,-7.9811
Eco-Harbor;Tangeri;Marocco;2022;40000;porto sostenibile;Impatto ambientale portuale;energie rinnovabili, filtrazione acque, spazi pubblici;120;fondi mediterranei + privati;qualit√† ambientale, nuovi spazi urbani;+30% efficienza portuale, -25% inquinamento;gestione circolare risorse, energia rinnovabile;35.7595,-5.8340
Athens Anew;Atene;Grecia;2020;22000;riqualificazione urbana;Edifici abbandonati post-crisi;cohousing, spazi comunitari, microimprese;50;fondi UE + privati;alloggi accessibili, inclusione sociale;+15% residenti giovani, +20% microimprese;retrofit energetico, materiali riciclati;37.9838,23.7275
Skadarlija Revival;Belgrado;Serbia;2018;15000;quartiere culturale;Degrado centro storico;restauro edifici, spazi artistici, gastronomia locale;40;fondi nazionali + UNESCO;conservazione patrimonio, vivibilit√†;+50% turismo culturale, +35% attivit√† artistiche;restauro conservativo, efficienza energetica;44.7866,20.4489
Tango District;Buenos Aires;Argentina;2022;15000;quartiere culturale;Degrado urbano;spazi performativi, scuole danza, hub creativi;30;fondi cultura + privati;conservazione tradizioni, inclusione sociale;+40% turismo culturale, +25% attivit√† artistiche;retrofit energetico, materiali locali;-34.6037,-58.3816
Sucre Revival;La Paz;Bolivia;2020;15000;quartiere coloniale;Degrado centro storico;restauro edifici, spazi pubblici, formazione artigiani;35;fondi UNESCO + municipali;conservazione patrimonio, capacit√† artigianali;+40% turismo culturale, +100 artigiani formati;tecniche tradizionali, materiali locali;-16.4897,-68.1193
Valletta Waterfront;Valletta;Malta;2020;12000;fronte mare;Degrado portuale;restauro edifici storici, spazi pubblici, hub culturali;30;fondi UE + privati;accessibilit√† waterfront, offerta culturale;+35% turismo, +25% attivit√† commerciali;restauro sostenibile, efficienza energetica;35.8989,14.5146
Habana Vieja 2.0;L'Avana;Cuba;2021;20000;centro storico;Degrado edifici patrimonio;restauro adattivo, spazi comunitari, hub artistici;35;fondi UNESCO + cooperazione;conservazione patrimonio, inclusione sociale;+30% turismo, +150 artigiani attivi;tecniche tradizionali, materiali locali;23.1136,-82.3666
Heritage Corridor;Varanasi;India;2023;22000;quartiere storico;Degrado edifici patrimonio;restauro ghats, spazi pubblici, gestione turismo;40;fondi UNESCO + privati;conservazione patrimonio, vivibilit√†;+35% turismo sostenibile, +20% artigianato locale;restauro sostenibile, materiali tradizionali;25.3176,82.9739
Green Oasis;Nairobi;Kenya;2025;30000;parco urbano;Discarica abbandonata;spazi verdi, orti comunitari, percorsi pedonali;20;fondi africani sviluppo + donazioni;miglioramento qualit√† dell'aria, spazi ricreativi;+10% valore immobiliare, +5% attivit√† locali;materiali riciclati, irrigazione a basso consumo;-1.2921,36.8219
Revive Dhaka;Dhaka;Bangladesh;2024;15000;quartiere residenziale;Edifici abbandonati post-inondazioni;housing sociale, spazi comunitari, aree verdi;35;fondi internazionali + privati;alloggi sicuri, inclusione sociale;+15% residenti, +10% attivit√† commerciali;materiali locali, tecniche di costruzione resilienti;23.8103,90.4125
Eco-Slum Upgrade;Lagos;Nigeria;2025;50000;quartiere sostenibile;Urbanizzazione informale e inondazioni;housing sostenibile, gestione acque, spazi pubblici;110;fondi africani sviluppo + privati;alloggi sicuri, resilienza climatica;-40% danni climatici, +25% valore immobiliare;materiali locali, sistemi passivi;6.5244,3.3792
Heritage Revival;Kathmandu;Nepal;2024;10000;quartiere storico;Degrado edifici patrimonio;restauro conservativo, spazi pubblici, hub culturali;25;fondi UNESCO + donazioni;conservazione patrimonio, vivibilit√†;+20% turismo, +10% attivit√† artigianali;tecniche tradizionali, materiali locali;27.7172,85.3240
Urban Green;Lusaka;Zambia;2025;20000;parco urbano;Terreno industriale abbandonato;spazi verdi, aree gioco, percorsi ciclabili;15;fondi africani sviluppo + comunali;miglioramento qualit√† della vita, spazi ricreativi;+5% valore immobiliare, +3% attivit√† locali;materiali riciclati, illuminazione solare;-15.3875,28.3228
Revitalize Kigali;Kigali;Ruanda;2024;25000;quartiere residenziale;Edifici abbandonati post-conflitto;housing sociale, spazi comunitari, aree verdi;40;fondi internazionali + privati;alloggi sicuri, inclusione sociale;+20% residenti, +15% attivit√† commerciali;materiali locali, tecniche di costruzione resilienti;-1.9441,30.0619
Eco-Park;Addis Abeba;Etiopia;2025;35000;parco urbano;Discarica abbandonata;spazi verdi, orti comunitari, percorsi pedonali;25;fondi africani sviluppo + donazioni;miglioramento qualit√† dell'aria, spazi ricreativi;+10% valore immobiliare, +5% attivit√† locali;materiali riciclati, irrigazione a basso consumo;9.0054,38.7636
Historic Revival;Yangon;Myanmar;2024;12000;quartiere storico;Degrado edifici patrimonio;restauro conservativo, spazi pubblici, hub culturali;30;fondi UNESCO + donazioni;conservazione patrimonio, vivibilit√†;+25% turismo, +15% attivit√† artigianali;tecniche tradizionali, materiali locali;16.8409,96.1735
Green Hub;Kampala;Uganda;2025;18000;quartiere sostenibile;Terreno industriale abbandonato;housing sostenibile, spazi verdi, hub comunitari;22;fondi africani sviluppo + privati;alloggi sicuri, inclusione sociale;+10% valore immobiliare, +8% attivit√† commerciali;materiali locali, tecniche di costruzione resilienti;0.3476,32.5825
Revive Monrovia;Monrovia;Liberia;2024;15000;quartiere residenziale;Edifici abbandonati post-conflitto;housing sociale, spazi comunitari, aree verdi;28;fondi internazionali + privati;alloggi sicuri, inclusione sociale;+15% residenti, +10% attivit√† commerciali;materiali locali, tecniche di costruzione resilienti;6.2907,-10.7605
Eco-District;Maputo;Mozambico;2025;30000;quartiere sostenibile;Urbanizzazione informale e inondazioni;housing sostenibile, gestione acque, spazi pubblici;45;fondi africani sviluppo + privati;alloggi sicuri, resilienza climatica;-35% danni climatici, +20% valore immobiliare;materiali locali, sistemi passivi;-25.9655,32.5832
Heritage Corridor;Varanasi;India;2023;22000;quartiere storico;Degrado edifici patrimonio;restauro ghats, spazi pubblici, gestione turismo;40;fondi UNESCO + privati;conservazione patrimonio, vivibilit√†;+35% turismo sostenibile, +20% artigianato locale;restauro sostenibile, materiali tradizionali;25.3176,82.9739
Green Oasis;Phnom Penh;Cambogia;2025;20000;parco urbano;Terreno industriale abbandonato;spazi verdi, aree gioco, percorsi ciclabili;18;fondi asiatici sviluppo + comunali;miglioramento qualit√† della vita, spazi ricreativi;+5% valore immobiliare, +3% attivit√† locali;materiali riciclati, illuminazione solare;11.5564,104.9282
Revitalize Port-au-Prince;Port-au-Prince;Haiti;2024;15000;quartiere residenziale;Edifici abbandonati post-terremoto;housing sociale, spazi comunitari, aree verdi;30;fondi internazionali + privati;alloggi sicuri, inclusione sociale;+15% residenti, +10% attivit√† commerciali;materiali locali, tecniche di costruzione resilienti;18.5944,-72.3074
Eco-Park;Dar es Salaam;Tanzania;2025;25000;parco urbano;Discarica abbandonata;spazi verdi, orti comunitari, percorsi pedonali;22;fondi africani sviluppo + donazioni;miglioramento qualit√† dell'aria, spazi ricreativi;+10% valore immobiliare, +5% attivit√† locali;materiali riciclati, irrigazione a basso consumo;-6.7924,39.2083
Historic Revival;Luang Prabang;Laos;2024;10000;quartiere storico;Degrado edifici patrimonio;restauro conservativo, spazi pubblici, hub culturali;20;fondi UNESCO + donazioni;conservazione patrimonio, vivibilit√†;+20% turismo, +10% attivit√† artigianali;tecniche tradizionali, materiali locali;19.8834,102.1347
Green Hub;Kigali;Ruanda;2025;18000;quartiere sostenibile;Terreno industriale abbandonato;housing sostenibile, spazi verdi, hub comunitari;25;fondi africani sviluppo + privati;alloggi sicuri, inclusione sociale;+10% valore immobiliare, +8% attivit√† commerciali;materiali locali, tecniche di costruzione resilienti;-1.9441,30.0619
Revive Monrovia;Monrovia;Liberia;2024;15000;quartiere residenziale;Edifici abbandonati post-conflitto;housing sociale, spazi comunitari, aree verdi;28;fondi internazionali + privati;alloggi sicuri, inclusione sociale;+15% residenti, +10% attivit√† commerciali;materiali locali, tecniche di costruzione resilienti;6.2907,-10.7605
Eco-District;Maputo;Mozambico;2025;30000;quartiere sostenibile;Urbanizzazione informale e inondazioni;housing sostenibile, gestione acque, spazi pubblici;45;fondi africani sviluppo + privati;alloggi sicuri, resilienza climatica;-35% danni climatici, +20% valore immobiliare;materiali locali, sistemi passivi;-25.9655,32.5832
caserta up,,,1900,1,,,,0.0,,,,,"[40.8, 14.2]"
